Name,capacity,rgb,Price
2 GB PC DDR-III/1333 KINGMAX,2,FALSE,350
1 GB-1333 KINGMAX,1,FALSE,250
"4GB (4GBx1 , 8 chips) DDR3 1333MHz RAM (หน่วยความจำ) KINGSTON",4,FALSE,1100
"2GB (2GBx1 , 4 chips) DDR3 1333MHz RAM (หน่วยความจำ) KINGSTON",2,FALSE,490
2GB ( 2GBx1 ) DDR3/1333 RAM PC (แรมพีซี) G.SKILL VALUE,2,FALSE,750
16GB (8GBx2) DDR4 2666MHz RAM (หน่วยความจำ) CORSAIR VENGEANCE LPX,16,FALSE,1590
8GB (8GBx1) DDR4 2666MHz RAM (หน่วยความจำ) KINGSTON,8,FALSE,840
16GB (16GBx1) DDR4 2666MHz RAM (หน่วยความจำ) CORSAIR VENGEANCE LPX,16,FALSE,1490
8GB (8GBx1) DDR4 2666MHz RAM (หน่วยความจำ) CORSAIR VENGEANCE LPX,8,FALSE,820
16GB (8GBx2) DDR4 2666MHz RAM (หน่วยความจำ) OCPC XTREME,16,FALSE,1890
16GB (8GBx2) DDR4 2666MHz RAM (หน่วยความจำ) G.SKILL RIPJAWS V,16,FALSE,1390
16GB (8GBx2) DDR4 2666MHz RAM (หน่วยความจำ) KINGSTON HyperX FURY RGB,16,TRUE,2990
8GB (8GBx1) DDR4 2666MHz RAM (หน่วยความจำ) G.SKILL RIPJAWS 4,8,FALSE,690
16GB (16GBx1) DDR4 2666MHz RAM (หน่วยความจำ) KINGSTON HyperX FURY,16,FALSE,2390
8GB (8GBx1) DDR4 2666MHz RAM (หน่วยความจำ) KINGSTON VALUE RAM,8,FALSE,890
16GB (16GBx1) DDR4 2666MHz RAM (หน่วยความจำ) KINGSTON VALUE RAM,16,FALSE,1490
16GB (8GBx2) DDR4 2666MHz RAM (หน่วยความจำ) ZADAK MOAB RGB,16,TRUE,2590
16GB (8GBx2) DDR4 2666MHz RAM (หน่วยความจำ) APACER PANTHER,16,FALSE,1460
8GB (8GBx1) DDR4 2666MHz RAM (หน่วยความจำ) KINGSTON FURY BEAST DDR4,8,FALSE,790
16GB (8GBx2) DDR4 2666MHz RAM (หน่วยความจำ) KINGSTON FURY BEAST DDR4,16,FALSE,1440
4GB (4GBx1) DDR4 2666MHz RAM (หน่วยความจำ) KINGSTON FURY BEAST DDR4,4,FALSE,890
16GB (8GBx2) DDR4 2666MHz RAM (หน่วยความจำ) KINGSTON FURY BEAST DDR4,16,TRUE,2190
32GB (16GBx2) DDR4 2666MHz RAM (หน่วยความจำ) KINGSTON FURY BEAST DDR4,32,TRUE,5490
16GB (16GBx1) DDR4 2666MHz RAM (หน่วยความจำ) KINGSTON FURY BEAST DDR4,16,FALSE,1390
16GB (16GBx1) DDR4 2666MHz RAM (หน่วยความจำ) ADATA PREMIER,16,FALSE,2250
4GB (4GBx1) DDR4 2666MHz RAM (หน่วยความจำ) KLEVV,4,FALSE,790
4GB DDR4 2666MHz RAM (หน่วยความจำ) ADATA 4 CHIP U-DIMM,4,FALSE,439
16GB (8GBx2) DDR4 3200MHz RAM (หน่วยความจำ) G.SKILL RIPJAWS V ,16,FALSE,1590
16GB (8GBx2) DDR4 3200MHz RAM (หน่วยความจำ) G.SKILL TRIDENT Z RGB,16,TRUE,2290
16GB (8GBx2) DDR4 3200MHz RAM (หน่วยความจำ) CORSAIR VENGEANCE LPX,16,FALSE,1790
16GB (8GBx2) DDR4 3200MHz RAM (หน่วยความจำ) G.SKILL TRIDENT Z ROYAL,16,TRUE,3890
16GB (8GBx2) DDR4 3200MHz RAM (หน่วยความจำ) G.SKILL TRIDENT Z ROYAL,16,TRUE,3990
64GB (32GBx2) DDR4 3200MHz RAM (หน่วยความจำ) ZADAK SHIELD DC,64,TRUE,33990
32GB (16GBx2) DDR4 3200MHz RAM (หน่วยความจำ) G.SKILL TRIDENT Z,32,TRUE,3590
16GB (16GBx1) DDR4 3200MHz RAM (หน่วยความจำ) G.SKILL RIPJAWS V,16,FALSE,1490
16GB (8GBx2) DDR4/3200 RAM PC (หน่วยความจำ) KLEVV CRAS X,16,TRUE,1990
8GB (8GBx1) DDR4/3200MHz RAM (หน่วยความจำ) KLEVV BOLT X,8,FALSE,990
16GB (8GBx2) DDR4 3200MHz RAM (หน่วยความจำ) G.SKILL FLARE X,16,FALSE,1590
64GB (16GBx4) DDR4 3200MHz RAM (หน่วยความจำ) G.SKILL TRIDENT Z,64,TRUE,6500
128GB (32GBx4) DDR4 3200MHz RAM (หน่วยความจำ) G.SKILL RIPJAWS V,128,FALSE,14990
16GB (8GBx2) DDR4/3200 RAM PC (แรมพีซี) APACER PANTHER (BLACK-GOLD) RP-K2,16,FALSE,3190
64GB (32GBx2) DDR4 3200MHz RAM (หน่วยความจำ) G.SKILL TRIDENT Z NEO,64,FALSE,6690
16GB (16GBx1) DDR4 3200MHz RAM (หน่วยความจำ) KINGSTON VALUE RAM,16,FALSE,2990
8GB (8GBx1) DDR4 3200MHz RAM (หน่วยความจำ) KINGSTON VALUE RAM,8,FALSE,750
32GB (16GBx2) DDR4 3200MHz RAM (หน่วยความจำ) CORSAIR VENGEANCE LPX,32,FALSE,2840
16GB (8GBx2) DDR4 3200MHz RAM (หน่วยความจำ) CORSAIR VENGEANCE RGB PRO SL,16,TRUE,2090
32GB (16GBx2) DDR4 3200MHz RAM (หน่วยความจำ) CORSAIR VENGEANCE PRO SL,32,TRUE,3490
16GB (8GBx2) DDR4 3200MHz RAM (หน่วยความจำ) CORSAIR VENGEANCE LPX,16,FALSE,1590
32GB (16GBx2) DDR4 3200MHz RAM (หน่วยความจำ) CORSAIR VENGEANCE PRO RGB SL,32,TRUE,3590
16GB (8GBx2) DDR4 3200MHz RAM (หน่วยความจำ) APACER GOLDEN PANTHER RP-K2,16,FALSE,1450
8GB (8GBx1) DDR4 3200MHz RAM (หน่วยความจำ) APACER PANTHER,8,FALSE,790
8GB (8GBx1) DDR4 3200MHz RAM (หน่วยความจำ) KINGSTON FURY BEAST DDR4,8,FALSE,740
16GB (8GBx2) DDR4 3200MHz RAM (หน่วยความจำ) KINGSTON FURY BEAST DDR4,16,FALSE,1650
16GB (8GBx2) DDR4 3200MHz RAM (หน่วยความจำ) KINGSTON FURY BEAST DDR4,16,TRUE,1890
32GB (16GBx2) DDR4 3200MHz RAM (หน่วยความจำ) CORSAIR VENGEANCE RGB RS,32,TRUE,3290
32GB (16GBx2) DDR4 3200MHz RAM (หน่วยความจำ) CORSAIR VENGEANCE LPX,32,FALSE,2990
8GB (8GBx1) DDR4/3200 RAM PC (แรมพีซี) ADDLINK SPIDER 4 DDR4,8,FALSE,1459
16GB (16GBx1) DDR4/3200 RAM PC (แรมพีซี) ADDLINK SPIDER 4 DDR4,16,FALSE,2735
16GB KIT (8GBx2) DDR4/3200 RAM PC (แรมพีซี) ADDLINK SPIDER 4 (2 PACK) DDR4,16,FALSE,2969
16GB KIT (8GBx2) DDR4/3200 RAM PC (แรมพีซี) ADDLINK SPIDER X4 (2 PACK) DDR4,16,FALSE,3189
16GB (16GBx1) DDR4 3200MHz RAM (หน่วยความจำ) ADATA PREMIER,16,FALSE,2300
32GB (32GBx1) DDR4 3200MHz RAM (หน่วยความจำ) ADATA PREMIER,32,FALSE,4690
8GB (8GBx1) DDR4 3600MHz RAM (หน่วยความจำ) ADATA GAMMIX D30,8,FALSE,2850
16GB (8GBx2) DDR4 3200MHz RAM (หน่วยความจำ) ADATA GAMMIX D20,16,FALSE,3300
16GB (8GBx2) DDR4 3200MHz RAM (หน่วยความจำ) ADATA GAMMIX D20,16,FALSE,3300
16GB (8GBX2) DDR4 3200MHz RAM (หน่วยความจำ) KLEVV BOLT X DDR4,16,FALSE,1890
16GB (16GBx1) DDR4 3200MHz RAM (หน่วยความจำ) KINGSTON FURY BEAST DDR4,16,FALSE,1480
32GB (16GBx2) DDR4 3200MHz RAM (หน่วยความจำ) KINGSTON FURY BEAST DDR4,32,FALSE,3290
16GB (16GBx1) DDR4 3200MHz RAM (หน่วยความจำ) CRUCIAL 16GB DDR4-3200 UDIMM CL22,16,FALSE,1350
32GB (16GBx2) DDR4 3200MHz RAM (หน่วยความจำ) KINGSTON FURY BEAST DDR4,32,TRUE,3190
16GB (8GBx2) DDR4 3200MHz RAM (หน่วยความจำ) KINGSTON FURY BEAST DDR4,8,TRUE,2490
8GB (8GBx1) DDR4 3200MHz RAM (หน่วยความจำ) CORSAIR VENGEANCE LPX DDR4,8,FALSE,790
16GB (16GBx1) DDR4 3200MHz RAM (หน่วยความจำ) CORSAIR VENGEANCE LPX DDR4,16,FALSE,1390
8GB (8GBx1) DDR4 3200Mbps RAM PC (หน่วยความจำ) LEXAR U-DIMM CL22,8,FALSE,890
16GB (16GBx1) DDR4 3200Mbps RAM PC (หน่วยความจำ) LEXAR U-DIMM CL22,16,FALSE,1590
32GB (32GBx1) DDR4 3200Mbps RAM PC (หน่วยความจำ) LEXAR U-DIMM CL22,32,FALSE,3490
16GB (8GBx2) DDR4 3200Mbps RAM PC (หน่วยความจำ) LEXAR THOR OC DK WITH HEATSINK,16,FALSE,2690
8GB (8GBx1) DDR4 3200MHz RAM (หน่วยความจำ) ACER HT100 DESKTOP DRAM DDR4,8,FALSE,790
8GB (8GBx1) DDR4 3200MHz RAM (หน่วยความจำ) HIKSEMI U10 U-DIMM,8,FALSE,660
16GB (16GBx1) DDR4 3200MHz RAM (หน่วยความจำ) HIKSEMI U10 U-DIMM,16,FALSE,1150
16GB (8GBx2) DDR4 3200MHz RAM (หน่วยความจำ) ADATA SPECTRIX D60G,16,FALSE,2090
16GB (8GBx2) DDR4 3200MHz RAM (หน่วยความจำ) ADATA SPECTRIX DT50,16,FALSE,1990
16GB (8GBx2) DDR4 3200MHz RAM (หน่วยความจำ) ADATA SPECTRIX DW50,16,FALSE,1990
16GB (8GBx2) DDR4 3200MHz RAM (หน่วยความจำ) ADATA GAMMIX D30,16,FALSE,1790
32GB (2x16GB) RAM PC (หน่วยความจำ) ACER PREDATOR TALOS DDR4 3200MHz CL14 DIMM,32,FALSE,6550
8GB (8GBx1) DDR4 3200MHz RAM (หน่วยความจำ) PNY XLR8 LONGDIMM,8,FALSE,790
16GB (8GBx2) DDR4 3200MHz RAM (หน่วยความจำ) PNY XLR8 LONGDIMM,16,FALSE,1650
16GB (16GBx1) DDR4 3200MHz RAM (หน่วยความจำ) PNY XLR8,16,FALSE,1750
16GB (16GBx1) DDR4 3200MHz RAM (หน่วยความจำ) PNY XLR8 GAMING EPIC-X,16,TRUE,1590
16GB (8GBx2) DDR4 3200MHz RAM (หน่วยความจำ) PNY XLR8 GAMING EPIC-X,16,TRUE,1850
16GB (8GBx2) DDR4 3200MHz RAM (หน่วยความจำ) PNY XLR8,16,FALSE,1850
16GB (8GBx2) DDR4 3200MHz RAM (หน่วยความจำ) PATRIOT VIPER STEEL RGB DDR4,16,TRUE,1690
32GB (16GBx2) DDR4 3200MHz RAM (หน่วยความจำ) PATRIOT VIPER STEEL RGB DDR4,32,TRUE,2790
32GB (16GBx2) DDR4 3200MHz RAM (หน่วยความจำ) G.SKILL RIPJAWS V,32,FALSE,2890
16GB (8GBx2) DDR4 3200MHz RAM (หน่วยความจำ) PATRIOT VIPER STEEL DDR4,16,FALSE,1540
32GB (16GBx2) DDR4 3200MHz RAM (หน่วยความจำ) PATRIOT VIPER STEEL DDR4,32,FALSE,2490
16GB (8GBx2) DDR4 3200MHz RAM (หน่วยความจำ) KINGSTON FURY BEAST DDR4,16,TRUE,1990
32GB (16GBx2) DDR4 3200MHz RAM (หน่วยความจำ) KINGSTON FURY BEAST DDR4,32,TRUE,2990
16GB (16GBx1) DDR4 3200MHz RAM (หน่วยความจำ) APACER PANTHER DDR4,16,FALSE,1290
8GB (8GBx1) DDR4 3200MHz RAM (หน่วยความจำ) KLEVV BOLT X GAMING OC MEMORY,8,FALSE,750
16GB (8GBx2) DDR4 3200MHz RAM (หน่วยความจำ) KLEVV CRAS X,16,FALSE,1790
16GB (16GBx1) DDR4 3200MHz RAM (หน่วยความจำ) KLEVV BOLT X GAMING OC MEMORY,16,FALSE,1350
4GB (4GBx1) DDR4 3200Mbps RAM PC (หน่วยความจำ) LEXAR UDIMM,4,FALSE,590
32GB (16GBx2) DDR4 3600MHz RAM (หน่วยความจำ) G.SKILL TRIDENT Z,32,TRUE,3690
16GB (8GBx2) DDR4 3600MHz RAM (หน่วยความจำ) G.SKILL TRIDENT Z NEO,16,FALSE,2590
16GB (8GBx2) DDR4 3600MHz RAM (หน่วยความจำ) CORSAIR VENGEANCE,16,TRUE,2390
32GB (16GBx2) DDR4 3600MHz RAM (หน่วยความจำ) CORSAIR VENGEANCE PRO SL,32,TRUE,3990
128GB (32GBx4) DDR4/3600 RAM PC (แรมพีซี) G.SKILL TRIDENT Z NEO,128,FALSE,16000
16GB (8GBx2) DDR4 3600MHz RAM (หน่วยความจำ) G.SKILL TRIDENT Z NEO,16,FALSE,2690
64GB (16GBx4) DDR4 3600MHz RAM (หน่วยความจำ) CORSAIR VENGEANCE RGB PRO SL,64,TRUE,10400
32GB (16GBx2) DDR4 3600MHz RAM (หน่วยความจำ) G.SKILL TRIDENT Z ROYAL ELITE,32,FALSE,12600
32GB (16GBx2) DDR4 3600MHz RAM (หน่วยความจำ) G.SKILL TRIDENT Z ROYAL ELITE,32,FALSE,5990
64GB (16GBx4) DDR4 3600MHz RAM (หน่วยความจำ) G.SKILL TRIDENT Z ROYAL ELITE,64,FALSE,12900
32GB (16GBx2) DDR4 3600MHz RAM (หน่วยความจำ) CORSAIR VENGEANCE LPX,32,FALSE,3590
16GB (8GBx2) DDR4 3600MHz RAM (หน่วยความจำ) CORSAIR VENGEANCE RGB RS,16,TRUE,2290
32GB (16GBx2) DDR4 3600MHz RAM (หน่วยความจำ) CORSAIR VENGEANCE RGB RS,32,TRUE,4490
32GB (16GBx2) DDR4 3600MHz RAM (หน่วยความจำ) CORSAIR VENGEANCE RGB RT,32,TRUE,3990
16GB (8GBx2) DDR4 3600MHz RAM (หน่วยความจำ) G.SKILL TRIDENT Z,16,TRUE,2390
32GB (16GBx2) DDR4/3600 RAM PC (แรมพีซี) G.SKILL TRIDENT Z NEO,32,FALSE,5990
32GB (16GBx2) DDR4 3600MHz RAM (หน่วยความจำ) CORSAIR VENGEANCE RGB PRO SL,32,FALSE,3990
16GB (8GBx2) DDR4 3600MHz RAM (หน่วยความจำ) ADATA SPECTRIX D45G,16,TRUE,2090
32GB (16GBx2) DDR4 3600MHz RAM (หน่วยความจำ) ADATA SPECTRIX D45G,32,FALSE,3550
32GB (16GBx2) DDR4 3600MHz RAM (หน่วยความจำ) KINGSTON FURY BEAST DDR4,32,FALSE,3290
32GB (16GBx2) DDR4 3600MHz RAM (หน่วยความจำ) KINGSTON FURY BEAST DDR4,32,TRUE,3490
16GB (8GBx2) DDR4 3600MHz RAM (หน่วยความจำ) KINGSTON FURY BEAST DDR4,16,TRUE,2390
16GB (8GBx2) DDR4 3600MHz RAM (หน่วยความจำ) KINGSTON FURY BEAST DDR4,16,FALSE,1990
16GB (8GBx2) DDR4 3600MHz RAM (หน่วยความจำ) CORSAIR VENGEANCE RGB PRO SL,16,FALSE,2490
32GB (2x16GB) RAM PC (หน่วยความจำ) ACER PREDATOR PALLAS DDR4 3600MHz CL16 DIMM,32,TRUE,5790
16GB (2x8GB) RAM PC (หน่วยความจำ) ACER PREDATOR TALOS DDR4 3600MHz CL16 DIMM,16,FALSE,3450
32GB (2x16GB) RAM PC (หน่วยความจำ) ACER PREDATOR TALOS DDR4 3600MHz CL16 DIMM,32,FALSE,6490
16GB (2x8GB) RAM PC (หน่วยความจำ) ACER PREDATOR APOLLO RGB DDR4 3600MHz CL14 DIMM,16,TRUE,4450
32GB (2x16GB) RAM PC (หน่วยความจำ) ACER PREDATOR APOLLO RGB DDR4 3600MHz CL14 DIMM,32,TRUE,9060
16GB (2x8GB) RAM PC (หน่วยความจำ) ACER PREDATOR VESTA RGB DDR4 3600MHz CL14 DIMM,16,TRUE,4700
32GB (2x16GB) RAM PC (หน่วยความจำ) ACER PREDATOR VESTA RGB DDR4 3600MHz CL14 DIMM,32,TRUE,9400
16GB (8GBx2) DDR4 3600MHz RAM (หน่วยความจำ) PNY XLR8,16,TRUE,2090
32GB (16GBx2) DDR4 3600MHz RAM (หน่วยความจำ) G.SKILL TRIDENT Z ROYAL ELITE,32,TRUE,5990
16GB (2x8GB) RAM PC (หน่วยความจำ) PATRIOT VIPER STEEL DDR4 4400MHz,16,FALSE,3590
16GB (8GBx2) DDR4 4400MHz RAM (หน่วยความจำ) PATRIOT VIPER STEEL,16,FALSE,3590
16GB (16GBx1) DDR5 4800MHz RAM (หน่วยความจำ) KINGSTON VALUERAM,16,FALSE,1990
16GB (16GBx1) DDR5 4800Mbps RAM PC (หน่วยความจำ) LEXAR ARES U-DIMM,16,FALSE,2990
32GB (16GBx2) DDR5 5200MHz RAM (หน่วยความจำ) KINGSTON FURY BEAST DDR5,32,FALSE,3990
32GB (16GBx2) DDR5 5200MHz RAM (หน่วยความจำ) CORSAIR VENGEANCE DDR5,32,FALSE,3690
32GB (16GBx2) DDR5 5200MHz RAM (หน่วยความจำ) APACER NOX DDR5,32,FALSE,6990
16GB (8GBx2) DDR5 5200MHz RAM (หน่วยความจำ) KINGSTON FURY BEAST DDR5,16,FALSE,2390
32GB (16GBx2) DDR5 5200MHz RAM (หน่วยความจำ) GIGABYTE AORUS MEMORY DDR5,32,FALSE,8190
16GB (8GBx2) DDR5 5200MHz RAM (หน่วยความจำ) KINGSTON FURY BEAST DDR5,16,TRUE,2690
32GB (16GBx2) DDR5 5200MHz RAM (หน่วยความจำ) KINGSTON FURY BEAST DDR5,32,TRUE,4490
32GB (16GBx2) DDR5 5200MHz RAM (หน่วยความจำ) KINGSTON FURY BEAST DDR5,32,TRUE,5490
16GB (16GBx1) DDR5 5200MHz RAM (หน่วยความจำ) KINGSTON FURY BEAST DDR5,16,TRUE,2790
32GB (16GBx2) DDR5 5200MHz RAM (หน่วยความจำ) KINGSTON FURY BEAST DDR5,32,TRUE,4790
32GB (16GBx2) DDR5 5200MHz RAM (หน่วยความจำ) KINGSTON FURY BEAST DDR5,32,FALSE,4290
16GB (8GBx2) DDR5 5200MHz RAM (หน่วยความจำ) CORSAIR VENGEANCE DDR5,16,FALSE,2490
192GB (48GBx4) DDR5 5200MHz RAM (หน่วยความจำ) CORSAIR VENGEANCE DDR5,192,FALSE,29900
32GB (16GBx2) DDR5 5200MHz RAM (หน่วยความจำ) APACER PANTHER DDR5,32,FALSE,4290
32GB (16GBx2) DDR5 5200MHz RAM (หน่วยความจำ) G.SKILL RIPJAWS S5,32,FALSE,4090
192GB (48GBx4) DDR5 5200MHz RAM (หน่วยความจำ) CORSAIR VENGEANCE RGB DDR5,192,TRUE,30900
32GB (16GBx2) DDR5 5600MHz RAM (หน่วยความจำ) G.SKILL TRIDENT Z5,32,TRUE,16900
32GB (16GBx2) DDR5 5600MHz RAM (หน่วยความจำ) KINGSTON FURY BEAST DDR5,32,FALSE,4290
32GB (16GBx2) DDR5 5600MHz RAM (หน่วยความจำ) CORSAIR DOMINATOR PLATINUM RGB DDR5,32,TRUE,6990
16GB (8GBx2) DDR5 5600MHz RAM (หน่วยความจำ) OCPC PISTA DDR5,16,FALSE,6590
16GB (8GBx2) DDR5 5600MHz RAM (หน่วยความจำ) KINGSTON FURY BEAST DDR5,16,FALSE,3590
32GB (16GBx2) DDR5 5600MHz RAM (หน่วยความจำ) G.SKILL TRIDENT Z5,32,TRUE,4990
16GB (8GBx2) DDR5 5600MHz RAM (หน่วยความจำ) KINGSTON FURY BEAST DDR5,16,TRUE,3590
32GB (16GBx2) DDR5 5600MHz RAM (หน่วยความจำ) KINGSTON FURY BEAST DDR5,32,TRUE,5190
64GB (32GBx2) DDR5 5600MHz RAM (หน่วยความจำ) CORSAIR VENGEANCE RGB DDR5,64,TRUE,8590
64GB (32GBx2) DDR5 5600MHz RAM (หน่วยความจำ) CORSAIR DOMINATOR PLATINUM RGB DDR5,64,TRUE,9550
32GB (16GBx2) DDR5 5600MHz RAM (หน่วยความจำ) CORSAIR VENGEANCE RGB DDR5,32,TRUE,4490
32GB (16GBx2) DDR5 5600MHz RAM (หน่วยความจำ) KINGSTON FURY BEAST DDR5,32,TRUE,5190
64GB (32GBx2) DDR5 5600MHz RAM (หน่วยความจำ) CORSAIR DOMINATOR PLATINUM RGB DDR5,64,TRUE,9550
32GB (16GBx2) DDR5 5600MHz RAM (หน่วยความจำ) KINGSTON FURY BEAST DDR5,32,FALSE,4590
32GB (2x16GB) RAM PC (หน่วยความจำ) ACER PREDATOR PALLAS II DDR5,32,FALSE,6019
96GB (48GBx2) DDR5 5600MHz RAM (หน่วยความจำ) CORSAIR VENGEANCE DDR5,96,FALSE,12600
96GB (48GBx2) DDR5 5600MHz RAM (หน่วยความจำ) CORSAIR VENGEANCE RGB DDR5,96,TRUE,13400
32GB (16GBx2) DDR5 5600MHz RAM (หน่วยความจำ) G.SKILL RIPJAWS S5,32,FALSE,3790
32GB (16GBx2) DDR5 5600MHz RAM (หน่วยความจำ) SILICON POWER XPOWER ZENITH,32,TRUE,3990
32GB (16GBx2) DDR5 5600MHz RAM (หน่วยความจำ) PATRIOT VIPER VENOM RGB DDR5,32,TRUE,4390
128GB (32GBx4) DDR5 5600MHz RAM (หน่วยความจำ) CORSAIR VENGEANCE DDR5,128,FALSE,19900
128GB (32GBx4) DDR5 5600MHz RAM (หน่วยความจำ) CORSAIR VENGEANCE RGB DDR5,128,TRUE,20900
32GB (16GBx2) DDR5 5600MHz RAM (หน่วยความจำ) CORSAIR VENGEANCE DDR5,32,FALSE,4290
32GB (16GBx2) DDR5 5600MHz RAM (หน่วยความจำ) CORSAIR VENGEANCE RGB DDR5,32,TRUE,4490
32GB (16GBx2) DDR5 5600MHz RAM (หน่วยความจำ) CORSAIR VENGEANCE RGB DDR5,32,TRUE,4490
32GB (16GBx2) DDR5 5600MHz RAM (หน่วยความจำ) G.SKILL TRIDENT Z5,32,TRUE,4990
32GB (16GBx2) DDR5 5600MHz RAM (หน่วยความจำ) G.SKILL RIPJAWS S5,32,FALSE,4490
32GB (16GBx2) DDR5 5600MHz RAM (หน่วยความจำ) G.SKILL TRIDENT Z5 ,32,TRUE,4990
32GB (16GBx2) DDR5 5600MHz RAM (หน่วยความจำ) G.SKILL TRIDENT Z5 NEO,32,TRUE,5090
32GB (16GBx2) DDR5 6000MHz RAM (หน่วยความจำ) KINGSTON FURY BEAST DDR5,32,FALSE,5390
16GB (8GBx2) DDR5 6000MHz RAM (หน่วยความจำ) KINGSTON FURY BEAST DDR5,16,FALSE,2990
32GB (16GBx2) DDR5 6000MHz RAM (หน่วยความจำ) KINGSTON FURY BEAST DDR5,32,TRUE,5990
16GB (8GBx2) DDR5 6000MHz RAM (หน่วยความจำ) KINGSTON FURY BEAST DDR5,16,TRUE,3490
32GB (16GBx2) DDR5 6000MHz RAM (หน่วยความจำ) KINGSTON FURY BEAST DDR5,32,TRUE,5690
32GB (16GBx2) DDR5 6000MHz RAM (หน่วยความจำ) KINGSTON FURY BEAST DDR5,32,FALSE,5190
32GB (16GBx2) DDR5 6000MHz RAM (หน่วยความจำ) KINGSTON FURY RENEGADE DDR5,32,TRUE,5290
48GB (24GBx2) DDR5 6000MHz RAM (หน่วยความจำ) G.SKILL TRIDENT Z5,48,TRUE,8490
32GB (16GBx2) DDR5 6000MHz RAM (หน่วยความจำ) PATRIOT VIPER VENOM RGB DDR5,32,TRUE,4490
32GB (16GBx2) DDR5 6000MHz RAM (หน่วยความจำ) CORSAIR VENGEANCE RGB DDR5,32,TRUE,4650
48GB (24GBx2) DDR5 6000MHz RAM (หน่วยความจำ) PATRIOT VIPER ELITE 5 RGB DDR5,48,TRUE,6690
48GB (48GBx1) DDR5 6000MHz RAM (หน่วยความจำ) KINGSTON FURY RENEGADE DDR5,48,FALSE,6690
48GB (48GBx1) DDR5 6000MHz RAM (หน่วยความจำ) KINGSTON FURY RENEGADE DDR5,48,FALSE,6390
32GB (16GBx2) DDR5 6000MHz RAM (หน่วยความจำ) CORSAIR VENGEANCE RGB DDR5,32,TRUE,4650
48GB (48GBx1) DDR5 6000MHz RAM (หน่วยความจำ) KINGSTON FURY RENEGADE DDR5,48,TRUE,7590
32GB (16GBx2) DDR5 6000MHz RAM (หน่วยความจำ) KLEVV BOLT V,32,FALSE,4290
48GB (24GBx2) DDR5 6000MHz RAM (หน่วยความจำ) KLEVV CRAS V,48,TRUE,6490
32GB (16GBx2) DDR5 6000MHz RAM (หน่วยความจำ) APACER PANTHER DDR5,32,FALSE,4990
32GB (16GBx2) DDR5 6000MHz RAM (หน่วยความจำ) G.SKILL TRIDENT Z5,32,TRUE,5290
48GB (24GBx2) DDR5 6000MHz RAM (หน่วยความจำ) KLEVV CRAS V,48,TRUE,6490
32GB (16GBx2) DDR5 6000MHz RAM (หน่วยความจำ) KLEVV CRAS XR5,32,TRUE,4590
64GB (32GBx2) DDR5 6000MHz RAM (หน่วยความจำ) KLEVV CRAS V,64,TRUE,9190
32GB (16GBx2) DDR5 6000MHz RAM (หน่วยความจำ) KLEVV CRAS V,32,TRUE,4990
32GB (16GBx2) DDR5 6200MHz RAM (หน่วยความจำ) CORSAIR DOMINATOR PLATINUM RGB DDR5,32,TRUE,7990
32GB (16GBx2) DDR5 6200MHz RAM (หน่วยความจำ) CORSAIR VENGEANCE RGB DDR5,32,TRUE,5790
32GB (16GBx2) DDR5 6200MHz RAM (หน่วยความจำ) CORSAIR VENGEANCE RGB DDR5,32,TRUE,5550
32GB (16GBx2) DDR5 6400MHz RAM (หน่วยความจำ) KINGSTON FURY RENEGADE DDR5,32,TRUE,6290
16GB (16GBx1) DDR5 6400MHz RAM (หน่วยความจำ) KINGSTON FURY RENEGADE DDR5,16,TRUE,2990
96GB (48GBx2) DDR5 6400MHz RAM (หน่วยความจำ) CORSAIR VENGEANCE DDR5,96,FALSE,16800
32GB (16GBx2) DDR5 6400MHz RAM (หน่วยความจำ) CORSAIR DOMINATOR TITANIUM RGB DDR5,32,TRUE,7390
32GB (16GBx2) DDR5 6400MHz RAM (หน่วยความจำ) CORSAIR DOMINATOR TITANIUM RGB DDR5,32,TRUE,7690
48GB (24GBx2) DDR5 6400MHz RAM (หน่วยความจำ) KINGSTON FURY RENEGADE DDR5,48,TRUE,9150
48GB (24GBx2) DDR5 6400MHz RAM (หน่วยความจำ) G.SKILL TRIDENT Z5,48,TRUE,8290
32GB (16GBx2) DDR5 6400MHz RAM (หน่วยความจำ) G.SKILL TRIDENT Z5,32,TRUE,5490
32GB (16GBx2) DDR5 7200MHz RAM (หน่วยความจำ) PATRIOT VIPER VENOM RGB DDR5,32,TRUE,5590
48GB (24GBx2) DDR5 7200MHz RAM (หน่วยความจำ) KINGSTON FURY RENEGADE DDR5,48,TRUE,11400
48GB (24GBx2) DDR5 7200MHz RAM (หน่วยความจำ) CORSAIR VENGEANCE RGB DDR5,48,TRUE,9690
32GB (16GBx2) DDR5 7200MHz RAM (หน่วยความจำ) CORSAIR VENGEANCE RGB DDR5,32,TRUE,7490
48GB (24GBx2) DDR5 7200MHz RAM (หน่วยความจำ) CORSAIR DOMINATOR TITANIUM RGB DDR5,48,TRUE,11900
32GB (16GBx2) DDR5 7200MHz RAM (หน่วยความจำ) CORSAIR DOMINATOR PLATINUM RGB DDR5,32,TRUE,8990
48GB (24GBx2) DDR5 7200MHz RAM (หน่วยความจำ) CORSAIR DOMINATOR TITANIUM RGB DDR5,48,TRUE,11600
32GB (16GBx2) DDR5 7200MHz RAM (หน่วยความจำ) CORSAIR DOMINATOR TITANIUM RGB DDR5,32,TRUE,9690
32GB (16GBx2) DDR5 7200MHz RAM (หน่วยความจำ) KINGSTON FURY RENEGADE DDR5,32,TRUE,8790
48GB (24GBx2) DDR5 7200MHz RAM (หน่วยความจำ) G.SKILL TRIDENT Z5,48,TRUE,9990
48GB (24GBx2) DDR5 7200MHz RAM (หน่วยความจำ) G.SKILL TRIDENT Z5,48,TRUE,9900